ap1,ap2,ap3,ap4,ap5,ap6,ap7,ap8,tipo,ponto,local
-36,-55,-60,-61,-65,-74,-68,-71,RP,RP1,RP1
-36,-55,-60,-60,-64,-74,-68,-69,RP,RP1,RP1
-36,-55,-59,-62,-63,-68,-68,-69,RP,RP1,RP1
-36,-55,-60,-61,-64,-69,-68,-69,RP,RP1,RP1
-36,-55,-60,-62,-64,-69,-68,-69,RP,RP1,RP1
-36,-100,-60,-61,-64,-67,-69,-68,RP,RP1,RP1
-36,-55,-60,-61,-64,-68,-72,-70,RP,RP1,RP1
-36,-55,-60,-61,-63,-72,-70,-69,RP,RP1,RP1
-35,-54,-59,-60,-64,-70,-70,-73,RP,RP1,RP1
-34,-55,-58,-62,-62,-68,-68,-67,RP,RP1,RP1
-36,-54,-58,-61,-100,-72,-71,-100,RP,RP1,RP1
-37,-55,-59,-61,-63,-72,-73,-100,RP,RP1,RP1
-36,-58,-58,-63,-100,-100,-72,-67,RP,RP1,RP1
-36,-55,-60,-62,-100,-71,-73,-68,RP,RP1,RP1
-37,-56,-61,-58,-62,-69,-71,-68,RP,RP1,RP1
-38,-100,-57,-65,-63,-69,-70,-69,RP,RP1,RP1
-37,-56,-58,-63,-64,-70,-70,-70,RP,RP1,RP1
-36,-57,-59,-61,-62,-69,-72,-100,RP,RP1,RP1
-36,-55,-56,-58,-60,-72,-70,-69,RP,RP1,RP1
-35,-54,-56,-62,-63,-71,-72,-72,RP,RP1,RP1
-36,-55,-56,-65,-62,-72,-71,-100,RP,RP1,RP1
-36,-54,-57,-61,-62,-69,-71,-70,RP,RP1,RP1
-37,-54,-60,-63,-63,-70,-70,-72,RP,RP1,RP1
-36,-55,-58,-64,-100,-71,-70,-72,RP,RP1,RP1
-36,-54,-61,-64,-62,-69,-72,-72,RP,RP1,RP1
-36,-53,-59,-62,-62,-69,-72,-69,RP,RP1,RP1
-36,-54,-59,-60,-62,-70,-68,-68,RP,RP1,RP1
-36,-54,-61,-62,-61,-69,-70,-69,RP,RP1,RP1
-35,-54,-56,-64,-62,-71,-71,-67,RP,RP1,RP1
-38,-54,-54,-62,-62,-68,-70,-73,RP,RP1,RP1
-37,-55,-55,-61,-63,-69,-71,-69,RP,RP1,RP1
-36,-56,-56,-62,-63,-70,-69,-69,RP,RP1,RP1
-36,-54,-60,-61,-62,-73,-74,-71,RP,RP1,RP1
-34,-55,-56,-60,-63,-71,-70,-69,RP,RP1,RP1
-34,-55,-61,-60,-62,-70,-69,-70,RP,RP1,RP1
-35,-54,-57,-62,-100,-73,-71,-70,RP,RP1,RP1
-32,-55,-58,-63,-100,-70,-70,-69,RP,RP1,RP1
-34,-55,-60,-61,-100,-70,-70,-69,RP,RP1,RP1
-33,-55,-58,-62,-63,-70,-70,-68,RP,RP1,RP1
-34,-55,-59,-62,-100,-73,-72,-67,RP,RP1,RP1
-34,-58,-57,-61,-100,-72,-72,-70,RP,RP1,RP1
-34,-55,-57,-61,-100,-71,-71,-100,RP,RP1,RP1
-32,-54,-59,-61,-65,-70,-71,-68,RP,RP1,RP1
-34,-55,-60,-59,-100,-71,-71,-68,RP,RP1,RP1
-37,-54,-60,-60,-62,-72,-73,-100,RP,RP1,RP1
-35,-56,-59,-63,-62,-72,-100,-74,RP,RP1,RP1
-36,-55,-57,-61,-61,-73,-73,-71,RP,RP1,RP1
-35,-55,-58,-66,-64,-72,-74,-72,RP,RP1,RP1
-36,-55,-59,-61,-64,-72,-73,-71,RP,RP1,RP1
-35,-57,-60,-62,-100,-73,-100,-73,RP,RP1,RP1
-50,-100,-41,-54,-100,-85,-86,-67,RP,RP2,RP2
-50,-62,-39,-62,-100,-81,-81,-68,RP,RP2,RP2
-52,-67,-45,-61,-100,-79,-78,-69,RP,RP2,RP2
-54,-64,-41,-59,-72,-82,-85,-70,RP,RP2,RP2
-55,-65,-38,-61,-100,-100,-100,-69,RP,RP2,RP2
-55,-62,-39,-61,-74,-79,-81,-70,RP,RP2,RP2
-56,-64,-39,-58,-100,-100,-86,-72,RP,RP2,RP2
-55,-63,-37,-63,-100,-78,-83,-65,RP,RP2,RP2
-56,-64,-38,-59,-100,-81,-81,-73,RP,RP2,RP2
-55,-64,-37,-59,-100,-81,-80,-100,RP,RP2,RP2
-55,-63,-37,-59,-100,-82,-80,-73,RP,RP2,RP2
-55,-100,-37,-57,-100,-80,-80,-100,RP,RP2,RP2
-53,-63,-36,-60,-100,-100,-100,-72,RP,RP2,RP2
-53,-65,-38,-60,-73,-80,-80,-100,RP,RP2,RP2
-54,-100,-38,-58,-73,-81,-79,-68,RP,RP2,RP2
-56,-65,-38,-60,-72,-100,-81,-70,RP,RP2,RP2
-55,-63,-40,-58,-72,-80,-86,-72,RP,RP2,RP2
-54,-65,-37,-60,-100,-81,-100,-70,RP,RP2,RP2
-57,-100,-38,-60,-100,-82,-82,-68,RP,RP2,RP2
-57,-65,-38,-59,-73,-82,-80,-100,RP,RP2,RP2
-56,-65,-37,-59,-72,-100,-80,-71,RP,RP2,RP2
-56,-66,-38,-59,-100,-81,-81,-72,RP,RP2,RP2
-53,-64,-37,-59,-74,-82,-81,-68,RP,RP2,RP2
-54,-65,-38,-59,-100,-84,-100,-66,RP,RP2,RP2
-52,-66,-37,-58,-74,-83,-82,-69,RP,RP2,RP2
-53,-66,-37,-59,-100,-83,-83,-67,RP,RP2,RP2
-54,-65,-39,-59,-74,-83,-86,-66,RP,RP2,RP2
-53,-65,-37,-60,-100,-100,-100,-68,RP,RP2,RP2
-56,-64,-39,-58,-73,-79,-81,-72,RP,RP2,RP2
-56,-65,-38,-58,-73,-77,-80,-72,RP,RP2,RP2
-56,-65,-37,-61,-100,-80,-82,-72,RP,RP2,RP2
-56,-65,-38,-60,-72,-100,-81,-71,RP,RP2,RP2
-57,-66,-39,-58,-100,-79,-81,-70,RP,RP2,RP2
-58,-65,-39,-60,-100,-82,-82,-71,RP,RP2,RP2
-56,-65,-37,-60,-71,-82,-84,-72,RP,RP2,RP2
-57,-63,-38,-59,-100,-81,-82,-71,RP,RP2,RP2
-57,-64,-37,-60,-100,-100,-100,-70,RP,RP2,RP2
-56,-100,-38,-60,-73,-100,-100,-70,RP,RP2,RP2
-57,-100,-38,-62,-73,-82,-100,-69,RP,RP2,RP2
-56,-64,-37,-60,-100,-100,-100,-100,RP,RP2,RP2
-57,-66,-36,-61,-73,-81,-82,-70,RP,RP2,RP2
-57,-65,-38,-61,-74,-79,-79,-70,RP,RP2,RP2
-57,-65,-39,-56,-75,-82,-83,-69,RP,RP2,RP2
-57,-64,-38,-67,-72,-82,-88,-70,RP,RP2,RP2
-57,-65,-37,-66,-72,-80,-82,-72,RP,RP2,RP2
-57,-65,-39,-66,-100,-80,-83,-100,RP,RP2,RP2
-57,-65,-38,-66,-70,-100,-80,-72,RP,RP2,RP2
-57,-65,-38,-67,-100,-80,-80,-72,RP,RP2,RP2
-60,-65,-38,-63,-73,-80,-80,-72,RP,RP2,RP2
-57,-65,-38,-68,-100,-80,-81,-71,RP,RP2,RP2
-54,-100,-56,-55,-68,-70,-71,-59,RP,RP3,RP3
-50,-64,-51,-61,-72,-100,-70,-59,RP,RP3,RP3
-48,-100,-57,-57,-100,-70,-100,-100,RP,RP3,RP3
-47,-62,-56,-56,-100,-67,-71,-60,RP,RP3,RP3
-47,-62,-56,-55,-100,-100,-70,-60,RP,RP3,RP3
-47,-62,-56,-56,-100,-100,-70,-100,RP,RP3,RP3
-46,-61,-56,-57,-100,-100,-64,-59,RP,RP3,RP3
-46,-62,-55,-57,-100,-71,-100,-100,RP,RP3,RP3
-46,-63,-58,-58,-100,-69,-71,-100,RP,RP3,RP3
-47,-62,-60,-57,-68,-72,-72,-58,RP,RP3,RP3
-47,-63,-56,-57,-100,-71,-100,-58,RP,RP3,RP3
-46,-62,-55,-57,-100,-70,-71,-100,RP,RP3,RP3
-46,-100,-55,-55,-100,-100,-70,-59,RP,RP3,RP3
-46,-61,-57,-57,-100,-71,-70,-100,RP,RP3,RP3
-46,-63,-56,-56,-100,-70,-70,-60,RP,RP3,RP3
-47,-62,-56,-56,-100,-71,-70,-58,RP,RP3,RP3
-47,-100,-55,-56,-100,-70,-70,-58,RP,RP3,RP3
-46,-63,-55,-56,-100,-70,-71,-58,RP,RP3,RP3
-47,-63,-55,-56,-100,-70,-71,-58,RP,RP3,RP3
-47,-63,-54,-57,-100,-70,-70,-58,RP,RP3,RP3
-47,-62,-55,-56,-100,-70,-69,-60,RP,RP3,RP3
-49,-62,-55,-57,-100,-70,-69,-59,RP,RP3,RP3
-47,-63,-55,-56,-100,-72,-71,-60,RP,RP3,RP3
-46,-63,-55,-58,-100,-71,-63,-59,RP,RP3,RP3
-46,-100,-55,-57,-100,-71,-70,-58,RP,RP3,RP3
-47,-100,-55,-58,-100,-70,-61,-100,RP,RP3,RP3
-46,-62,-55,-100,-100,-100,-100,-59,RP,RP3,RP3
-46,-100,-55,-57,-100,-100,-71,-100,RP,RP3,RP3
-46,-61,-54,-55,-100,-100,-71,-57,RP,RP3,RP3
-47,-100,-54,-58,-100,-69,-100,-58,RP,RP3,RP3
-46,-63,-54,-58,-100,-70,-70,-100,RP,RP3,RP3
-47,-62,-55,-56,-100,-71,-70,-100,RP,RP3,RP3
-47,-61,-55,-58,-100,-71,-72,-57,RP,RP3,RP3
-46,-61,-54,-57,-100,-72,-72,-59,RP,RP3,RP3
-46,-61,-55,-58,-100,-71,-71,-58,RP,RP3,RP3
-46,-61,-55,-59,-100,-70,-70,-58,RP,RP3,RP3
-46,-63,-55,-58,-100,-73,-71,-58,RP,RP3,RP3
-46,-100,-55,-58,-100,-68,-100,-59,RP,RP3,RP3
-47,-62,-56,-56,-100,-70,-69,-59,RP,RP3,RP3
-52,-62,-54,-61,-100,-71,-71,-62,RP,RP3,RP3
-49,-100,-52,-57,-100,-100,-70,-62,RP,RP3,RP3
-47,-63,-55,-57,-100,-70,-70,-59,RP,RP3,RP3
-47,-62,-55,-57,-69,-70,-69,-58,RP,RP3,RP3
-47,-61,-56,-55,-100,-69,-69,-58,RP,RP3,RP3
-47,-62,-56,-57,-100,-69,-77,-100,RP,RP3,RP3
-47,-61,-57,-57,-100,-70,-70,-100,RP,RP3,RP3
-48,-100,-56,-57,-100,-70,-70,-58,RP,RP3,RP3
-47,-61,-55,-55,-100,-100,-69,-100,RP,RP3,RP3
-47,-61,-56,-57,-100,-69,-69,-59,RP,RP3,RP3
-47,-100,-56,-55,-100,-70,-70,-58,RP,RP3,RP3
-63,-100,-64,-100,-100,-100,-100,-100,RP,RP4,RP4
-58,-100,-65,-100,-100,-100,-100,-85,RP,RP4,RP4
-57,-100,-64,-75,-100,-100,-83,-100,RP,RP4,RP4
-60,-100,-61,-77,-100,-84,-84,-86,RP,RP4,RP4
-56,-100,-65,-75,-100,-84,-100,-100,RP,RP4,RP4
-57,-100,-66,-74,-100,-83,-83,-100,RP,RP4,RP4
-57,-74,-65,-73,-100,-100,-84,-100,RP,RP4,RP4
-57,-100,-66,-76,-100,-83,-100,-100,RP,RP4,RP4
-56,-75,-65,-74,-100,-100,-84,-100,RP,RP4,RP4
-57,-100,-64,-73,-100,-100,-83,-88,RP,RP4,RP4
-57,-100,-64,-76,-100,-100,-84,-87,RP,RP4,RP4
-57,-100,-65,-100,-100,-100,-84,-100,RP,RP4,RP4
-57,-100,-67,-100,-100,-100,-100,-100,RP,RP4,RP4
-57,-100,-65,-75,-100,-84,-84,-88,RP,RP4,RP4
-57,-100,-65,-100,-100,-100,-100,-100,RP,RP4,RP4
-57,-100,-65,-73,-100,-85,-84,-88,RP,RP4,RP4
-57,-75,-65,-74,-82,-82,-84,-85,RP,RP4,RP4
-57,-76,-65,-74,-83,-83,-84,-100,RP,RP4,RP4
-57,-75,-65,-74,-100,-83,-84,-86,RP,RP4,RP4
-57,-76,-65,-73,-82,-81,-86,-87,RP,RP4,RP4
-57,-76,-64,-74,-100,-81,-83,-88,RP,RP4,RP4
-57,-76,-65,-74,-100,-83,-83,-100,RP,RP4,RP4
-57,-77,-65,-100,-84,-100,-100,-100,RP,RP4,RP4
-57,-76,-64,-75,-100,-84,-84,-87,RP,RP4,RP4
-57,-74,-64,-77,-100,-85,-83,-86,RP,RP4,RP4
-57,-100,-64,-74,-100,-84,-83,-85,RP,RP4,RP4
-57,-76,-64,-73,-84,-84,-86,-100,RP,RP4,RP4
-57,-100,-65,-76,-100,-84,-85,-87,RP,RP4,RP4
-57,-76,-63,-73,-100,-81,-83,-100,RP,RP4,RP4
-57,-76,-63,-75,-100,-82,-84,-86,RP,RP4,RP4
-63,-75,-61,-77,-100,-82,-84,-100,RP,RP4,RP4
-57,-75,-63,-73,-100,-81,-85,-84,RP,RP4,RP4
-57,-76,-64,-73,-81,-85,-84,-100,RP,RP4,RP4
-68,-80,-64,-75,-100,-87,-84,-81,RP,RP4,RP4
-67,-79,-64,-100,-100,-100,-100,-84,RP,RP4,RP4
-57,-100,-64,-75,-81,-83,-84,-100,RP,RP4,RP4
-57,-76,-65,-75,-82,-83,-84,-100,RP,RP4,RP4
-57,-100,-65,-76,-100,-84,-83,-100,RP,RP4,RP4
-57,-77,-66,-77,-100,-81,-83,-86,RP,RP4,RP4
-57,-76,-64,-76,-83,-83,-83,-85,RP,RP4,RP4
-57,-100,-65,-76,-81,-80,-84,-87,RP,RP4,RP4
-57,-75,-64,-75,-83,-82,-83,-100,RP,RP4,RP4
-57,-74,-66,-75,-100,-83,-83,-100,RP,RP4,RP4
-57,-77,-66,-75,-100,-84,-84,-87,RP,RP4,RP4
-57,-76,-65,-76,-100,-83,-86,-89,RP,RP4,RP4
-57,-76,-65,-76,-100,-84,-83,-100,RP,RP4,RP4
-58,-75,-64,-76,-81,-84,-84,-87,RP,RP4,RP4
-57,-76,-64,-78,-100,-81,-83,-100,RP,RP4,RP4
-57,-75,-64,-77,-82,-84,-86,-100,RP,RP4,RP4
-58,-77,-64,-75,-100,-83,-83,-86,RP,RP4,RP4
-63,-81,-70,-84,-75,-100,-89,-80,RP,RP5,RP5
-69,-81,-73,-79,-76,-100,-100,-79,RP,RP5,RP5
-68,-87,-72,-79,-100,-100,-100,-80,RP,RP5,RP5
-70,-100,-69,-79,-76,-100,-100,-79,RP,RP5,RP5
-66,-83,-72,-76,-76,-100,-100,-80,RP,RP5,RP5
-65,-84,-72,-78,-78,-100,-100,-82,RP,RP5,RP5
-69,-100,-73,-78,-76,-100,-100,-81,RP,RP5,RP5
-67,-85,-75,-77,-76,-100,-100,-81,RP,RP5,RP5
-66,-84,-74,-76,-76,-100,-100,-79,RP,RP5,RP5
-69,-83,-77,-77,-76,-100,-100,-81,RP,RP5,RP5
-69,-84,-80,-78,-77,-100,-100,-80,RP,RP5,RP5
-66,-85,-73,-76,-76,-100,-100,-79,RP,RP5,RP5
-69,-80,-76,-79,-76,-100,-100,-79,RP,RP5,RP5
-64,-82,-73,-76,-75,-100,-100,-80,RP,RP5,RP5
-69,-82,-72,-76,-100,-100,-100,-80,RP,RP5,RP5
-69,-84,-73,-77,-76,-100,-100,-79,RP,RP5,RP5
-66,-84,-73,-100,-76,-100,-100,-80,RP,RP5,RP5
-66,-84,-75,-77,-75,-100,-100,-80,RP,RP5,RP5
-69,-82,-74,-78,-76,-100,-100,-75,RP,RP5,RP5
-66,-83,-80,-72,-76,-100,-100,-80,RP,RP5,RP5
-65,-81,-76,-100,-76,-100,-100,-82,RP,RP5,RP5
-68,-80,-79,-76,-100,-100,-100,-79,RP,RP5,RP5
-66,-83,-79,-77,-75,-100,-100,-79,RP,RP5,RP5
-66,-81,-76,-74,-76,-100,-100,-79,RP,RP5,RP5
-69,-100,-78,-75,-76,-100,-100,-100,RP,RP5,RP5
-69,-81,-78,-76,-100,-100,-100,-81,RP,RP5,RP5
-70,-80,-79,-76,-100,-100,-100,-80,RP,RP5,RP5
-65,-80,-74,-73,-76,-100,-100,-86,RP,RP5,RP5
-61,-77,-68,-76,-76,-100,-100,-79,RP,RP5,RP5
-68,-100,-69,-81,-78,-100,-100,-83,RP,RP5,RP5
-69,-81,-75,-73,-76,-100,-100,-80,RP,RP5,RP5
-68,-100,-76,-78,-100,-100,-100,-81,RP,RP5,RP5
-65,-100,-78,-75,-100,-100,-100,-80,RP,RP5,RP5
-64,-100,-77,-78,-100,-100,-100,-81,RP,RP5,RP5
-68,-81,-78,-78,-77,-100,-100,-83,RP,RP5,RP5
-68,-83,-74,-100,-76,-100,-100,-80,RP,RP5,RP5
-68,-81,-75,-75,-100,-100,-100,-81,RP,RP5,RP5
-68,-100,-78,-77,-77,-100,-100,-81,RP,RP5,RP5
-64,-80,-78,-73,-76,-100,-100,-80,RP,RP5,RP5
-67,-79,-77,-77,-77,-100,-100,-81,RP,RP5,RP5
-68,-81,-76,-78,-77,-100,-100,-81,RP,RP5,RP5
-68,-100,-78,-74,-78,-100,-100,-81,RP,RP5,RP5
-68,-81,-75,-76,-78,-100,-100,-100,RP,RP5,RP5
-64,-81,-73,-79,-78,-100,-100,-80,RP,RP5,RP5
-64,-80,-77,-76,-78,-100,-100,-80,RP,RP5,RP5
-68,-81,-74,-77,-100,-100,-100,-81,RP,RP5,RP5
-64,-81,-73,-75,-77,-100,-100,-80,RP,RP5,RP5
-67,-100,-73,-80,-100,-100,-100,-80,RP,RP5,RP5
-67,-83,-74,-78,-77,-100,-100,-82,RP,RP5,RP5
-63,-100,-73,-73,-78,-100,-100,-80,RP,RP5,RP5
-39,-72,-58,-74,-100,-80,-81,-69,RP,RP6,RP6
-39,-71,-58,-72,-80,-75,-78,-70,RP,RP6,RP6
-41,-73,-59,-70,-100,-100,-79,-100,RP,RP6,RP6
-41,-72,-58,-70,-79,-77,-75,-70,RP,RP6,RP6
-41,-73,-58,-71,-84,-79,-80,-70,RP,RP6,RP6
-41,-100,-60,-69,-82,-78,-75,-70,RP,RP6,RP6
-41,-71,-59,-71,-82,-79,-76,-69,RP,RP6,RP6
-39,-71,-63,-73,-100,-81,-83,-69,RP,RP6,RP6
-41,-73,-63,-85,-80,-86,-79,-72,RP,RP6,RP6
-41,-73,-57,-75,-81,-81,-75,-70,RP,RP6,RP6
-41,-72,-57,-68,-100,-79,-74,-72,RP,RP6,RP6
-41,-71,-60,-66,-100,-79,-76,-70,RP,RP6,RP6
-41,-71,-60,-69,-100,-79,-79,-70,RP,RP6,RP6
-41,-71,-64,-76,-100,-76,-81,-70,RP,RP6,RP6
-43,-70,-68,-76,-73,-81,-79,-71,RP,RP6,RP6
-42,-70,-60,-67,-100,-83,-75,-70,RP,RP6,RP6
-42,-71,-59,-68,-100,-80,-82,-70,RP,RP6,RP6
-44,-69,-62,-66,-79,-85,-84,-69,RP,RP6,RP6
-44,-70,-59,-65,-78,-86,-100,-70,RP,RP6,RP6
-44,-69,-58,-66,-78,-84,-82,-69,RP,RP6,RP6
-44,-70,-57,-66,-78,-81,-100,-71,RP,RP6,RP6
-44,-70,-58,-66,-100,-85,-85,-70,RP,RP6,RP6
-44,-70,-56,-69,-77,-100,-100,-66,RP,RP6,RP6
-44,-70,-57,-100,-78,-100,-100,-70,RP,RP6,RP6
-44,-70,-57,-65,-100,-87,-86,-70,RP,RP6,RP6
-44,-69,-58,-65,-100,-82,-100,-69,RP,RP6,RP6
-44,-70,-58,-64,-100,-85,-86,-69,RP,RP6,RP6
-44,-100,-58,-66,-78,-84,-100,-70,RP,RP6,RP6
-44,-70,-57,-66,-100,-100,-83,-70,RP,RP6,RP6
-43,-70,-58,-68,-100,-84,-83,-70,RP,RP6,RP6
-44,-70,-58,-66,-77,-100,-83,-100,RP,RP6,RP6
-44,-70,-58,-66,-77,-87,-85,-70,RP,RP6,RP6
-44,-69,-58,-69,-100,-100,-100,-69,RP,RP6,RP6
-44,-70,-57,-67,-100,-86,-100,-70,RP,RP6,RP6
-44,-71,-56,-67,-78,-86,-100,-70,RP,RP6,RP6
-44,-70,-56,-67,-100,-82,-86,-69,RP,RP6,RP6
-44,-71,-58,-66,-77,-82,-100,-70,RP,RP6,RP6
-44,-70,-57,-67,-100,-83,-100,-70,RP,RP6,RP6
-44,-69,-57,-66,-78,-84,-81,-71,RP,RP6,RP6
-44,-71,-57,-69,-100,-86,-86,-69,RP,RP6,RP6
-44,-70,-60,-65,-79,-85,-86,-70,RP,RP6,RP6
-44,-70,-58,-64,-79,-88,-87,-71,RP,RP6,RP6
-44,-70,-58,-65,-78,-86,-83,-71,RP,RP6,RP6
-40,-71,-58,-65,-100,-83,-85,-71,RP,RP6,RP6
-43,-70,-59,-66,-80,-83,-86,-70,RP,RP6,RP6
-44,-71,-58,-66,-79,-86,-86,-69,RP,RP6,RP6
-44,-70,-58,-65,-100,-83,-86,-70,RP,RP6,RP6
-44,-70,-59,-62,-79,-85,-86,-70,RP,RP6,RP6
-44,-70,-57,-65,-75,-100,-87,-70,RP,RP6,RP6
-44,-70,-57,-65,-79,-100,-100,-70,RP,RP6,RP6
-56,-75,-67,-75,-63,-100,-84,-65,RP,RP7,RP7
-55,-71,-67,-76,-64,-81,-81,-64,RP,RP7,RP7
-54,-70,-74,-74,-64,-83,-84,-63,RP,RP7,RP7
-54,-68,-72,-73,-64,-82,-82,-64,RP,RP7,RP7
-54,-67,-74,-76,-64,-84,-84,-64,RP,RP7,RP7
-54,-69,-73,-76,-64,-80,-82,-64,RP,RP7,RP7
-54,-67,-74,-73,-64,-80,-83,-64,RP,RP7,RP7
-54,-68,-76,-74,-65,-83,-82,-64,RP,RP7,RP7
-54,-69,-74,-75,-64,-81,-81,-63,RP,RP7,RP7
-54,-70,-76,-75,-64,-77,-81,-63,RP,RP7,RP7
-54,-70,-75,-75,-64,-100,-82,-64,RP,RP7,RP7
-54,-69,-78,-75,-63,-82,-83,-64,RP,RP7,RP7
-54,-69,-76,-76,-64,-82,-79,-64,RP,RP7,RP7
-54,-69,-75,-76,-64,-82,-80,-64,RP,RP7,RP7
-54,-69,-76,-75,-64,-82,-82,-64,RP,RP7,RP7
-54,-69,-76,-75,-64,-83,-82,-64,RP,RP7,RP7
-54,-68,-77,-74,-64,-81,-83,-64,RP,RP7,RP7
-54,-70,-76,-73,-100,-80,-82,-63,RP,RP7,RP7
-54,-69,-78,-77,-66,-82,-82,-64,RP,RP7,RP7
-54,-69,-75,-76,-64,-77,-81,-63,RP,RP7,RP7
-54,-69,-76,-77,-63,-78,-82,-63,RP,RP7,RP7
-55,-69,-76,-75,-64,-100,-82,-63,RP,RP7,RP7
-54,-68,-77,-75,-64,-80,-82,-64,RP,RP7,RP7
-54,-68,-76,-76,-64,-78,-80,-63,RP,RP7,RP7
-54,-69,-75,-73,-64,-78,-82,-63,RP,RP7,RP7
-54,-69,-74,-74,-65,-100,-82,-63,RP,RP7,RP7
-54,-69,-75,-74,-64,-82,-77,-64,RP,RP7,RP7
-54,-69,-76,-75,-64,-82,-82,-63,RP,RP7,RP7
-54,-68,-76,-75,-64,-80,-80,-64,RP,RP7,RP7
-54,-68,-76,-75,-65,-80,-83,-64,RP,RP7,RP7
-54,-69,-75,-72,-64,-78,-78,-63,RP,RP7,RP7
-54,-69,-76,-74,-65,-82,-80,-63,RP,RP7,RP7
-54,-69,-77,-75,-100,-82,-82,-63,RP,RP7,RP7
-54,-68,-77,-74,-64,-85,-82,-64,RP,RP7,RP7
-53,-69,-76,-75,-65,-83,-84,-64,RP,RP7,RP7
-54,-68,-76,-75,-65,-100,-82,-63,RP,RP7,RP7
-54,-69,-76,-75,-64,-78,-82,-63,RP,RP7,RP7
-54,-67,-76,-76,-64,-79,-81,-63,RP,RP7,RP7
-54,-67,-77,-72,-64,-80,-81,-64,RP,RP7,RP7
-54,-68,-77,-73,-65,-82,-100,-64,RP,RP7,RP7
-54,-68,-75,-74,-64,-79,-80,-65,RP,RP7,RP7
-54,-69,-78,-75,-64,-78,-82,-64,RP,RP7,RP7
-54,-68,-77,-70,-100,-100,-82,-63,RP,RP7,RP7
-54,-68,-77,-74,-64,-100,-82,-63,RP,RP7,RP7
-54,-68,-78,-74,-65,-79,-83,-65,RP,RP7,RP7
-53,-70,-77,-76,-64,-83,-81,-64,RP,RP7,RP7
-54,-68,-77,-79,-64,-82,-90,-63,RP,RP7,RP7
-56,-70,-77,-77,-63,-80,-81,-63,RP,RP7,RP7
-55,-68,-71,-79,-61,-82,-82,-64,RP,RP7,RP7
-55,-69,-71,-79,-65,-81,-83,-64,RP,RP7,RP7
-62,-65,-78,-81,-72,-83,-82,-72,RP,RP8,RP8
-58,-66,-72,-78,-100,-83,-79,-72,RP,RP8,RP8
-57,-66,-62,-66,-100,-100,-85,-71,RP,RP8,RP8
-67,-71,-60,-72,-74,-79,-79,-66,RP,RP8,RP8
-57,-70,-66,-67,-82,-77,-80,-67,RP,RP8,RP8
-62,-69,-55,-72,-75,-79,-80,-66,RP,RP8,RP8
-63,-69,-54,-75,-100,-82,-77,-67,RP,RP8,RP8
-62,-69,-55,-75,-76,-77,-80,-66,RP,RP8,RP8
-62,-71,-57,-78,-71,-78,-80,-67,RP,RP8,RP8
-66,-71,-56,-84,-74,-82,-80,-66,RP,RP8,RP8
-63,-73,-55,-79,-76,-79,-77,-66,RP,RP8,RP8
-62,-70,-55,-80,-75,-79,-80,-66,RP,RP8,RP8
-65,-69,-57,-80,-77,-78,-80,-67,RP,RP8,RP8
-64,-69,-56,-75,-73,-80,-80,-66,RP,RP8,RP8
-61,-71,-54,-70,-73,-77,-80,-66,RP,RP8,RP8
-64,-70,-54,-72,-75,-77,-81,-66,RP,RP8,RP8
-64,-71,-54,-70,-76,-78,-81,-67,RP,RP8,RP8
-65,-69,-55,-72,-100,-78,-79,-67,RP,RP8,RP8
-61,-72,-55,-72,-76,-78,-80,-64,RP,RP8,RP8
-64,-70,-57,-72,-75,-79,-76,-66,RP,RP8,RP8
-64,-69,-55,-71,-74,-77,-80,-66,RP,RP8,RP8
-64,-68,-55,-73,-75,-78,-80,-66,RP,RP8,RP8
-63,-72,-55,-72,-74,-81,-80,-63,RP,RP8,RP8
-65,-70,-56,-71,-76,-76,-77,-67,RP,RP8,RP8
-63,-70,-55,-71,-75,-77,-78,-67,RP,RP8,RP8
-63,-73,-55,-73,-100,-78,-81,-66,RP,RP8,RP8
-66,-72,-55,-73,-76,-80,-80,-66,RP,RP8,RP8
-65,-70,-55,-76,-76,-77,-81,-66,RP,RP8,RP8
-66,-70,-55,-73,-74,-78,-81,-68,RP,RP8,RP8
-64,-70,-55,-74,-75,-73,-80,-67,RP,RP8,RP8
-64,-71,-55,-75,-74,-78,-74,-67,RP,RP8,RP8
-64,-70,-55,-78,-74,-80,-78,-67,RP,RP8,RP8
-65,-69,-56,-76,-75,-78,-80,-67,RP,RP8,RP8
-64,-69,-56,-79,-77,-79,-80,-66,RP,RP8,RP8
-63,-72,-56,-77,-77,-78,-79,-66,RP,RP8,RP8
-65,-71,-58,-78,-76,-78,-80,-66,RP,RP8,RP8
-64,-72,-55,-77,-75,-78,-79,-66,RP,RP8,RP8
-62,-71,-55,-77,-100,-78,-80,-66,RP,RP8,RP8
-65,-70,-55,-74,-76,-81,-78,-66,RP,RP8,RP8
-65,-69,-55,-75,-74,-79,-83,-66,RP,RP8,RP8
-65,-69,-55,-75,-74,-79,-80,-67,RP,RP8,RP8
-66,-70,-54,-74,-77,-78,-79,-68,RP,RP8,RP8
-66,-71,-54,-74,-79,-76,-78,-66,RP,RP8,RP8
-61,-71,-56,-76,-78,-77,-79,-66,RP,RP8,RP8
-65,-71,-55,-77,-76,-78,-80,-66,RP,RP8,RP8
-64,-71,-55,-76,-100,-80,-79,-66,RP,RP8,RP8
-65,-71,-55,-76,-80,-77,-73,-67,RP,RP8,RP8
-63,-70,-56,-76,-74,-80,-82,-66,RP,RP8,RP8
-65,-70,-55,-81,-76,-81,-82,-66,RP,RP8,RP8
-64,-71,-55,-77,-78,-79,-78,-66,RP,RP8,RP8
